fecha,turno,maquina,producidas,defectuosas,temperatura
2026-09-07,Mañana,M-01,1261,,35.1
2026-09-07,Mañana,M-02,1085,16,
2026-09-07,Mañana,M-03 ,1260,99,39.0
2026-09-07,Mañana,M-04,1054,18,31.2
07/09/2026,Tarde,M-01,1062,20,35.4
2026-09-07,Tarde,M-02,1105,12,34.5
2026-09-07,Tarde,M-03,1298,171,"43,4"
2026-09-07,Tarde,M-04,1186,20,"33,6"
2026-09-07,Noche,M-01,1209,19,33.1
2026-09-07,Noche,M-02,1109,23,90.1
07/09/2026,Noche,m-03,1100,48,36.8
2026-09-07,Noche,M-04,1125,16,30.6
2026-09-08,Mañana,M-01,1168,20,94.8
2026-09-08,Mañana,M-02,1370,28,33.3
2026-09-08,Mañana,M-03,1198,71,38.1
2026-09-08,Mañana,M-04,1423,13,30.9
2026-09-08,tarde,M-01,1217,22,36.6
2026-09-08,Tarde,M-02,967,13,35.8
2026-09-08,Tarde,m-03,1194,110,40.8
2026-09-08,Tarde,M-04,1198,6,
2026-09-08,Noche,M-01,1114,17,33.4
2026-09-08,Noche,M-02,1213,19,31.1
2026-09-08,Noche,M-03,1065,37,33.6
2026-09-08,Noche,M-04,1329,18,30.2
2026-09-09,Mañana,M-01,1276,16,32.4
2026-09-09,Mañana,M-02,1106,16,32.6
2026-09-09,Mañana,M-03,1088,35,32.2
2026-09-09,Mañana,M-04,1012,12,32.1
2026-09-09,Tarde,M-01,1052,14,32.3
2026-09-09,Tarde,M-02,1253,22,32.7
2026-09-09,Tarde,M-03,1489,58,36.8
2026-09-09,Tarde,M-04,1167,14,32.5
2026-09-09,Noche,M-01,1213,24,29.2
2026-09-09,Noche,M-02,1250,19,30.6
2026-09-09,Noche,M-03,1484,46,30.7
2026-09-09,Noche,M-04,862,,29.7
2026-09-10,Mañana,M-01,1515,34,33.5
2026-09-10,Mañana,M-02,1159,13,31.0
10/09/2026,Mañana,M-03,1141,40,34.5
2026-09-10,Mañana,M-04,1034,12,30.1
2026-09-10,Tarde,M-01,1263,9,33.9
2026-09-10,Tarde,M-02,1111,14,33.3
2026-09-10,Tarde,M-03,1118,56,37.7
10/09/2026,Tarde,M-04,1078,19,31.9
2026-09-10,Noche,M-01,16,959,32.3
2026-09-10,Noche,M-02,1272,26,31.0
2026-09-10,Noche,M-03,1296,26,30.3
2026-09-10,Noche,M-04,1068,14,28.9
2026-09-11,Mañana,M-01,1089,21,32.9
11/09/2026,Mañana,M-02,1069,16,31.7
2026-09-11,Mañana,M-03,1252,36,33.5
2026-09-11,Mañana,M-04,1151,20,"31,4"
2026-09-11,Tarde, M-01,1317,27,33.7
2026-09-11,Tarde,M-02,1032,16,32.0
2026-09-11,Tarde,M-03,1020,60,38.3
2026-09-11,Tarde ,M-04,1314,19,32.4
2026-09-11,Noche,M-01,1210,24,87.3
2026-09-11,Noche,M-02,1258,14,29.0
2026-09-11,Noche,M-03,1219,27,29.0
2026-09-11,NOCHE,M-04,1038,11,29.5
2026-09-12,Mañana,M-01,1189,21,
2026-09-12,Mañana,M-02,899,12,32.2
2026-09-12,Mañana,M-03,1271,47,"36,5"
2026-09-12,Mañana,M-04,975,19,30.7
12/09/2026,Tarde,M01,1229,36,36.1
2026-09-12,Tarde,M-02,1012,10,33.8
2026-09-12,Tarde, M-03,1128,104,40.6
2026-09-12,Tarde,M-04,951,13,33.2
2026-09-11,Noche,M-03,1219,27,29.0
2026-09-12,Noche,M-01,1173,16,31.8
12/09/2026,Noche,M-02,1148,14,31.6
2026-09-09,Tarde,M-04,1167,14,32.5
2026-09-12,Noche,M-03,1536,42,33.0
2026-09-12,Noche,M-04,1160,16,29.5
2026-09-14,Mañana,M-01,1120,21,32.3
14/09/2026,Mañana,M-02,1261,14,32.2
2026-09-14,Mañana,M-03,1196,37,95.0
2026-09-14,Mañana,M-04,1168,15,31.5
2026-09-14,Tarde,M-01,1069,8,34.2
2026-09-14,Tarde,M-02,1121,8,34.5
2026-09-14,Tarde,M-03,1128,68,38.8
2026-09-14,Tarde,M-04,993,12,"31,9"
2026-09-14,Noche,M-01,1082,12,31.9
14/09/2026,Noche,M-02,1101,22,30.2
2026-09-14,Noche,M-03,1182,,32.6
2026-09-14,Noche,M-04,1351,18,27.9
2026-09-15,Mañana,M-01,1280,22,32.0
2026-09-15,Mañana,M-02,1240,17,31.3
2026-09-15,manana ,M-03,1364,48,33.4
2026-09-15,Mañana,M-04,1244,20,31.8
2026-09-15,Tarde,M-01,1140,16,35.0
2026-09-15,Tarde,M-02,11320,16,33.7
2026-09-15,Tarde,m-03,958,51,37.4
2026-09-15,Tarde,M-04,1118,,33.0
2026-09-15,Noche,M-01,1216,23,30.8
2026-09-15,Noche, M-02,1298,27,30.9
2026-09-15,Noche,M-03,1178,38,30.5
2026-09-15,Noche,M-04,1325,13,29.8
2026-09-16,Mañana,M-01,1305,21,32.7
2026-09-16,Mañana,M-02,1177,27,88.0
16/09/2026,Mañana,M-03,1268,36,34.8
2026-09-16,Mañana,M-04,1112,9,31.1
2026-09-16,Tarde,M-01,1016,17,34.0
2026-09-16,Tarde,M-02,1242,23,33.4
2026-09-16,Tarde,M-3,1107,86,39.6
2026-09-16,Tarde,M-04,1221,18,32.2
16/09/2026,Noche,M-01,1297,27,30.5
2026-09-16,Noche,M-02,1117,20,29.8
2026-09-16,Noche,M-03,1278,34,32.3
2026-09-16,Noche,M-04,1184,12,29.1
2026-09-17,Mañana,M-01,1135,23,34.6
17/09/2026,Mañana,M-02,1182,24,33.8
2026-09-17,Mañana ,M-03,1215,70,38.1
17/09/2026,Mañana,M-04,1200,18,31.2
17/09/2026,Tarde,M-01,1154,18,35.1
2026-09-17,Tarde,M-02,1080,12,34.9
2026-09-17,Tarde,M-03,1116,125,41.4
17/09/2026,Tarde,M-04,1032,11,32.6
2026-09-17,Noche,M-01,1184,9,"30,9"
2026-09-17,Noche,M-02,1057,18,31.5
2026-09-17,Noche,M-03,1173,,32.7
2026-09-17,Noche,M-04,1278,5,84.6
2026-09-18,Mañana,M-01,1260,14,33.7
2026-09-18,Mañana,M-02,1058,17,31.5
2026-09-18,Mañana,M-03,1247,,35.6
2026-09-18,Mañana,M-04,1126,11,30.5
18/09/2026,Tarde,M-01,971,14,34.8
2026-09-18,Tarde,M-02,1242,14,34.4
2026-09-18,Tarde,M-03,1203,111,40.8
2026-09-18,Tarde,M-04,1318,15,"32,1"
2026-09-18,Noche,M-01,1096,17,30.8
2026-09-18,Noche,M-02,1328,23,
2026-09-18,Noche,M-03,1361,38,89.6
2026-09-18,Noche,M-04,1083,3,29.7
2026-09-19,Mañana,M-01,1032,13,31.7
2026-09-19,Mañana ,M-02,1074,15,32.2
2026-09-19,Mañana,M-03,984,-35,34.4
2026-09-19,Mañana,M-04,1154,18,31.3
2026-09-19,Tarde,M-01,1238,22,34.8
19/09/2026,Tarde ,M-02,1338,20,31.8
2026-09-19,Tarde,M-03,1158,69,37.8
2026-09-19,Tarde,M-04,883,11,"33,0"
2026-09-19,Noche,M-01,1279,,31.3
2026-09-19,Noche,M-02,1121,19,31.8
2026-09-19,Noche,M-03,1261,47,31.2
2026-09-19,Noche,M-04,1099,18,29.1
2026-09-21,Mañana,M-01,25,1303,32.6
2026-09-21,Mañana,M-02,1249,24,30.5
2026-09-21,Mañana,M-03,1224,31,33.0
2026-09-21,Mañana, M-04,1322,14,31.6
2026-09-21,Tarde,M-01,1215,24,34.4
2026-09-21,Tarde,M-02,1291,24,32.8
2026-09-21,Tarde,M-03,1275,42,35.3
2026-09-21,Tarde,M-04,1425,12,31.2
2026-09-21,Noche,M-01,1308,26,31.1
2026-09-21,Noche,M-02,1367,12,30.7
2026-09-21,Noche,M-03,1248,34,30.2
2026-09-21,Noche,M-04,1289,22,29.1
2026-09-22,Mañana,M-01,1181,22,33.2
2026-09-22,Mañana,M-02,1264,26,31.7
2026-09-22,Mañana,M-03,1209,31,"35,5"
2026-09-22,Mañana,M-04,1082,5,30.7
2026-09-18,Tarde,M-02,1242,14,34.4
2026-09-22,Tarde,M-01,1167,26,33.8
2026-09-22,Tarde,M-02,1158,15,34.0
2026-09-22,Tarde,M-03,1252,79,38.2
2026-09-22,Tarde,M-04 ,1086,8,32.8
2026-09-22,Noche,M-01,1279,21,31.1
2026-09-22,Noche,M-02,1349,20,31.0
2026-09-22,Noche,M-03,1205,33,30.0
2026-09-22,Noche,M-04,1209,15,29.8
2026-09-23,Mañana,M-01,996,17,33.3
2026-09-23,Mañana,M-02,1044,18,31.0
2026-09-23,Mañana,m-03,1151,38,34.5
2026-09-23,Manana,M-04,897,16,31.0
2026-09-23,Tarde,M-01,1256,21,34.3
2026-09-21,Noche,M-04,1289,22,29.1
23/09/2026, tarde,M-02,1217,21,32.9
2026-09-23,Tarde,M-03,1299,-67,37.7
2026-09-23,Tarde,M-04,1003,8,32.8
2026-09-23,Noche,M-01,1230,22,
2026-09-23,Noche,M-02,10770,19,29.9
2026-09-23,Noche,M-03,1083,30,29.2
2026-09-23,Noche,M-04,1412,11,29.4
24/09/2026,Mañana,M-01,1083,21,32.6
24/09/2026,Mañana,M-02,1198,16,32.9
2026-09-24,Mañana,M-03,1057,29,34.8
2026-09-24,Mañana,M-04,951,,32.0
2026-09-24,Tarde,M-01,1486,19,35.3
2026-09-24,Tarde,M-02 ,1053,13,33.7
2026-09-24,Tarde,M-03,1156,84,39.3
2026-09-24,Tarde,M-04,1274,22,
2026-09-24,Noche,M-01,1194,20,32.4
2026-09-24,Noche,M-02,1232,23,89.1
2026-09-24,Noche,M-03,1294,39,31.7
2026-09-24,Noche,M-04,1172,15,29.5
2026-09-25,Mañana,M-01,1136,22,"33,3"
2026-09-25,manana ,M-02,1288,25,32.1
2026-09-25,Mañana,M-03,1162,37,34.5
2026-09-25,MAÑANA,M-04,1276,14,30.7
2026-09-25,Tarde,M-01,1390,19,33.7
2026-09-25,Tarde,M-02,1371,22,33.4
2026-09-25,Tarde,M-03,1216,82,38.4
2026-09-25,Tarde,M-04,1117,18,91.8
2026-09-25,Noche,M-01,1266,24,30.0
2026-09-22,Tarde,M-02,1158,15,34.0
2026-09-25,Noche,M-02,1380,23,29.9
2026-09-25,Noche,M-03,944,29,87.3
2026-09-25,Noche,M-04,1275,14,29.5
2026-09-26,Mañana,M-01,1300,22,"31,3"
2026-09-26,Mañana,M-02 ,991,16,31.3
26/09/2026,Mañana,M03,909,32,32.3
2026-09-26,Mañana,M-04,1260,17,29.5
2026-09-26,Tarde,M-01,1369,32,35.5
2026-09-26,Tarde,M-02,1294,20,32.3
2026-09-26,Tarde,M-03,1292,32,"35,3"
26/09/2026,Tarde,M-04,1034,17,31.3
2026-09-26,Noche,M-01 ,1458,26,30.0
2026-09-26,Noche,M-02,1228,22,29.5
2026-09-26,Noche,M-03,1140,39,"28,3"
2026-09-26,Noche,M-04 ,1033,15,28.9
28/09/2026,Mañana,M-01,1255,20,32.2
2026-09-28,Mañana,M-02,1115,21,30.4
2026-09-28,Mañana,M-03,1222,33,33.1
2026-09-28,Mañana,M-04,1340,20,30.0
2026-09-28,Tarde ,M-01,942,20,34.6
2026-09-24,Noche,M-01,1194,20,32.4
2026-09-28,Tarde,M-02,1291,26,32.4
2026-09-26,Mañana,M-04,1260,17,29.5
2026-09-28,Tarde,M-03,1020,46,37.0
2026-09-28, tarde,M-04,1185,13,31.5
2026-09-28,Noche,M-01,1465,28,31.0
2026-09-28,Noche,M-02,1163,19,29.7
2026-09-28,Noche,M-03,1157,42,28.7
2026-09-28,Noche,M-04,1213,17,30.0
2026-09-29,Mañana,M-01,1325,25,33.0
2026-09-29,Mañana,M-02,1036,17,32.1
2026-09-29,Mañana,M-03,1428,40,36.3
2026-09-29,mañana,M-04,1227,21,33.1
2026-09-29,Tarde,M-01,1403,18,"35,6"
2026-09-29,Tarde,M-02,1249,25,91.6
2026-09-29,Tarde,M-03,1180,102,40.3
2026-09-29,Tarde,M-04,1225,10,33.6
2026-09-29,Noche,M-01,18,1295,32.2
2026-09-29,Noche,M-02,1201,25,30.6
29/09/2026,Noche,M-03,1224,41,33.2
2026-09-29,Noche,M-04,1124,8,30.1
30/09/2026,Mañana,M-01,1004,19,32.3
2026-09-30,Mañana,M-02,1170,15,31.2
2026-09-30,Mañana,M-03,1205,39,31.1
2026-09-30,Mañana,M-04,1396,17,29.4
2026-09-30, tarde,M-01,1283,30,32.7
2026-09-30,Tarde,M-02,1083,25,32.5
2026-09-30,Tarde,M-03,1260,38,35.3
2026-09-30,Tarde,M-04,1140,8,31.6
2026-09-30,Noche,M-01,1513,33,"30,3"
2026-09-30,Noche,M-02,880,10,29.0
2026-09-30,Noche,M-03,1297,39,27.6
30/09/2026,Noche,M-04,1259,6,29.2
2026-10-01,Mañana,M-01,1068,16,33.2
2026-10-01,Mañana,M-02,1432,24,90.0
2026-10-01,Mañana,M-03,1180,31,36.2
2026-10-01,Mañana,M-04,1278,17,31.2
2026-10-01,Tarde,M-01,1359,18,36.2
2026-10-01,Tarde,M-02,1107,13,"34,2"
2026-10-01,Tarde,M-03,945,90,40.7
2026-10-01,Tarde,M-04,1126,11,32.7
2026-10-01,Noche,M-01,1386,26,31.9
2026-10-01,Noche,M-02,1163,23,30.5
2026-10-01,Noche,M-03,1253,30,87.1
2026-10-01,Noche,M-04,1103,13,29.7
2026-10-02,Mañana,M-01,1442,32,30.7
2026-10-02,Mañana,M-02,1280,,30.8
2026-10-02,Mañana,M-03,1278,33,30.6
2026-10-02,Mañana,M-04,952,9,29.7
2026-10-02,Tarde,M-01,1311,20,33.1
2026-10-02,Tarde,M-02,1063,17,32.0
02/10/2026,Tarde,M-3,1180,39,35.7
2026-10-02,Tarde,M-04,1461,11,"31,5"
2026-10-02,Noche,M-01,1269,,29.6
2026-10-02,Noche,M-02,1181,18,28.7
2026-10-02,Noche,M-03,1510,41,27.8
02/10/2026,Noche,M-04,1211,20,28.7
2026-10-03,Mañana,M-01,1067,20,32.5
03/10/2026,Mañana,M-02,1107,21,30.7
2026-10-03,Mañana,M-03,1405,32,31.3
2026-10-03,Mañana,M-04,1073,19,"30,4"
2026-10-03,Tarde,M-01,1093,21,32.6
2026-10-03,Tarde,M-02,1203,21,"32,1"
2026-10-03,Tarde,M-03,1230,33,"35,7"
2026-10-03,Tarde,M-04,1188,10,88.9
2026-10-03,Noche,M-01,1354,22,31.6
2026-10-03,Noche,M-02,1158,19,29.1
03/10/2026,Noche,M-03,1269,34,28.2
2026-10-03,Noche,M-04,1257,22,29.0
2026-10-03,Mañana,M-01,1067,20,32.5
2026-10-02,Noche,M-02,1181,18,28.7
